date,group name,rank
2025-07-21,Alex Coal,1
2025-07-21,Millie Morgan,2
2025-07-21,Katrina Colt,3
2025-07-21,Eva Lovia,4
2025-07-21,Jia Lissa,5
2025-07-21,Chanel Camryn,6
2025-07-21,Adriana Chechik,7
2025-07-21,Abigail Mac,8
2025-07-21,Aidra Fox,9
2025-07-21,Octavia Red,10
2025-07-21,Antonia Sainz,11
2025-07-21,Jessica Ryan,12
2025-07-21,Alexis Crystal,13
2025-07-21,Kira Queen,14
2025-07-21,Tori Black,15
2025-07-21,Cassidy Klein,16
2025-07-21,Josephine Jackson,17
2025-07-21,Sybil A,18
2025-07-21,Vintage,19
2025-07-21,Lady Lyne,20
2025-07-21,Cory Chase,21
2025-07-21,Laney Grey,22
2025-07-21,Nephael,23
2025-07-21,Anya Olsen,24
2025-07-21,Aubree Valentine,25
2025-07-21,Cadence Lux,26
2025-07-21,Little Caprice,27
2025-07-21,Ella Hughes,28
2025-07-21,Lily LaBeau,29
2025-07-21,Anita Rover,30
2025-07-21,Serenity Cox,31
2025-07-21,Betzz,32
2025-07-21,Flashing Emma,33
2025-07-21,REBECCA VOLPETTI,34
2025-07-21,CHARLIE FORDE,35
2025-07-21,Crystal Clark,36
2025-07-21,Full Movies,37
2025-07-21,Stacy Cruz,38
2025-07-21,Olive Glass,39
2025-07-21,Lexi Luna,40
2025-07-21,Jessie and Jackson,41
2025-07-21,Melissa sexy hippies,42
2025-07-21,Katie Kush,43
2025-07-21,Brett Rossi,44
2025-07-21,Nikita Bellucci,45
2025-07-21,Kenzie Love,46
2025-07-21,Lexi Dona,47
2025-07-21,Lily Lou,48
2025-07-21,Dolly Dyson,49
2025-07-21,Penny Barber,50
2025-07-21,Sarah Vandella,51
2025-07-21,Cherry Kiss,52
2025-07-21,Gal Ritchie,53
2025-07-21,Britney Amber,54
2025-07-21,EMILY THORNE,55
2025-07-21,Laure Zecchi,56
2025-07-21,Helena Valle,57
2025-07-21,Annie King,58
2025-07-21,Calita Fire,59
2025-07-21,Dani Daniels,60
2025-07-21,Jadilica - Leo Ahsoka,61
2025-07-21,Casey Calvert,62
2025-07-21,Angel YoungðŸ’‹,63
2025-07-21,Lena Paul,64
2025-07-21,Amirah Adara,65
2025-07-21,Angela White,66
2025-07-21,Lilith - Berta Lusty - Felice Morgan,67
2025-07-21,Bonnie Blue,68
2025-07-21,Emma Klein,69
2025-07-21,Joanna Angel,70
2025-07-21,Cherie Deville,71
2025-07-21,Eve Sweet,72
2025-07-21,Lea Pam,73
2025-07-21,Tiffany Leiddi,74
2025-07-21,Andi Rose,75
2025-07-21,Paige Owens,76
2025-07-21,Sumiko,77
2025-07-21,Hailey Rose,78
2025-07-21,Julia Roca,79
2025-07-21,Helena Price,80
2025-07-21,poppynzach,81
2025-07-21,Mia Malkova,82
2025-07-21,Layla Scarlet,83
2025-07-21,Mia melano,84
2025-07-21,Riley Reid,85
2025-07-21,annaplusone,86
2025-07-21,Freya Parker,87
2025-07-21,Aaliyah Love,88
2025-07-21,Agatha Vega,89
2025-07-21,Nicole Emma Vaunt,90
2025-07-21,Charlotte Stokely,91
2025-07-21,Addison Lee,92
2025-07-21,Ophelia Kaan,93
2025-07-21,Ana B,94
2025-07-21,Marie Berger,95
2025-07-21,Savvy Suxx,96
2025-07-21,Nikki Zee,97
2025-07-21,Olivia Sparkle,98
2025-07-21,Chloe Duval,99
2025-07-21,Jeny Smith,100
2025-07-21,maitland ward,101
2025-07-21,Vanna Bardot,102
2025-07-21,Molly Little,103
2025-07-21,Sata Jones,104
2025-07-21,Sloan Harper,105
2025-07-21,Ava Moore,106
2025-07-21,Sharon White,107
2025-07-21,Innocent hotwife,108
2025-07-21,Jane Wilde,109
2025-07-21,Theodora Day,110
2025-07-21,Eden Moore,111
2025-07-21,Lullabyebye,112
2025-07-21,Lena Coxx,113
2025-07-21,LaSirena69,114
2025-07-21,Leya Desantis,115
2025-07-21,Amelia Ost,116
2025-07-21,Kinuski,117
2025-07-21,Alexa Tomas,118
2025-07-21,Eden Ivy,119
2025-07-21,JULIALEXXX,120
2025-07-21,Charlie Red,121
2025-07-21,Kendra Lust,122
2025-07-21,Veronica Weston,123
2025-07-21,Ivey Passion,124
2025-07-21,Milan Cheek,125
2025-07-21,Emma Ruby,126
2025-07-21,Spencer Bradley,127
2025-07-21,Blake Blossom,128
2025-07-21,Nickey Huntsman,129
2025-07-21,Roxy Muray,130
2025-07-21,Valentina Nappi,131
2025-07-21,Alina Lopez,132
2025-07-21,Erin Moore,133
2025-07-21,Alice adorable,134
2025-07-21,Venus Valencia,135
2025-07-21,Nadia Foxx,136
2025-07-21,Alice Klay,137
2025-07-21,Whitney Wright,138
2025-07-21,Chanel Preston,139
2025-07-21,Slimthick Vic,140
2025-07-21,Melody Mae,141
2025-07-21,Katy Rose,142
2025-07-21,Jeniffer Flex,143
2025-07-21,Nesty,144
2025-07-21,JILL KASSIDY,145
2025-07-21,Sophie Choeur,146
2025-07-21,Pristine Edge,147
2025-07-21,Miriam Sinn Nimfa Nice,148
2025-07-21,Bella Rolland,149
2025-07-21,Stoya,150
2025-07-21,Lucy Mendez,151
2025-07-21,NakedBakers,152
2025-07-21,Jesse Pony,153
2025-07-21,Stella Luxx,154
2025-07-21,Maddy Keys,155
2025-07-21,Alice Drake,156
2025-07-21,Sandy Cheeks,157
2025-07-21,Sveltelana,158
2025-07-21,Anissa Kate,159
2025-07-21,Daruma Rai,160
2025-07-21,Whitney OC,161
2025-07-21,Molly Quinn,162
2025-07-21,KENDRA SUNDERLAND,163
2025-07-21,LIZ RAINBOW,164
2025-07-21,Eva Berger,165
2025-07-21,Jenna Sativa,166
2025-07-21,Barbie Feels,167
2025-07-21,Kayden Kross,168
2025-07-21,Veronica Sanchez,169
2025-07-21,Lottie Magne,170
2025-07-21,Cheerleader Kait,171
2025-07-21,ChihuahuaSU,172
2025-07-21,Cassie Del Isla,173
2025-07-21,Carter Cruise,174
2025-07-21,Alice Nice,175
2025-07-21,Jayde Symz,176
2025-07-21,India Summer,177
2025-07-21,Candy Alexa,178
2025-07-21,Lindsey Lakes,179
2025-07-21,Lola Bredly,180
2025-07-21,Vixi Rafi,181
2025-07-21,Liz Jordan,182
2025-07-21,Angelika Grays,183
2025-07-21,Lilly Bella,184
2025-07-21,Isabella Rose,185
2025-07-21,Victoria Brennan,186
2025-07-21,Gypsy Rose,187
2025-07-21,Mary Rock,188
2025-07-21,Leanne Lace,189
2025-07-21,Clemence Audiard,190
2025-07-21,Casey Nohrman,191
2025-07-21,Mila Pie,192
2025-07-21,Thea Lun,193
2025-07-21,ðŸ—‚INDEX,194
2025-07-21,Reagan Foxx,195
2025-07-21,Keisha Grey,196
2025-07-21,Kimberly Kane,197
2025-07-21,Bobbi Starr,198
2025-07-21,Dee Vine,199
2025-07-21,Candee Licious,200
2025-07-21,Samantha Bentley,201
2025-07-21,Alexa Grace,202
2025-07-21,Conny Carter,203
2025-07-21,Anny Swix,204
2025-07-21,Ovidie,205
2025-07-21,Alexis Deen,206
2025-07-21,Layla London,207
2025-07-21,Paulina Soul,208
2025-07-21,Jade Nile,209
2025-07-21,Ally Breelsen,210
2025-07-21,Krystal Sparks,211
2025-07-21,Dolly Diore,212
2025-07-21,Gracie Gates,213
2025-07-21,Aften Opal,214
2025-07-21,Alecia Fox,215
2025-07-21,Ambra Dolce,216
2025-07-21,Evelyn Claire,217
2025-07-21,Bree Daniels,218
2025-07-21,Naomi Wildman,219
2025-07-21,Andrea Lapiedra,220
2025-07-21,Loli Pop,221
2025-07-21,Amy Douxxx,222
2025-07-21,Melody Mynx,223
2025-07-21,Zlata Shine,224
2025-07-21,Lisa Belys,225
2025-07-21,Eva Ray,226
2025-07-21,Emily Willis,227
2025-07-21,Sara Rich,228
2025-07-21,Lily Bella,229
2025-07-21,Violet Pretty,230
2025-07-21,Hot Pearl,231
2025-07-21,Nikky Dream,232
2025-07-21,Lucy Foxx,233
2025-07-21,Beverly Hillson,234
2025-07-21,zoebytheriver,235
2025-07-21,Alrox,236
2025-07-21,River Lynn,237
2025-07-21,Jade Valentine,238
2025-07-21,Ivy Ireland,239
2025-07-21,Rose Carter,240
2025-07-21,Ivi Rein,241
2025-07-21,Sydney Paige,242
2025-07-21,Serena Sterling,243
2025-07-21,Kristina Grace,244
2025-07-21,Kaira Love,245
2025-07-21,Talia Mint,246
2025-07-21,Alice Flore,247
2025-07-21,Fiona Frost,248
2025-07-21,Stella Sedona,249
2025-07-21,Sandrillon,250
2025-07-21,Siri Dahl,251
2025-07-21,Cherry Candle,252
2025-07-21,Melena Maria Rya,253
2025-07-21,Silvia Soprano,254
2025-07-21,Melissa Stratton,255
2025-07-21,Sara Heat,256
2025-07-21,Zuzu Sweet,257
2025-07-21,Clea Gaultier,258
2025-07-21,Sara Latina,259
2025-07-21,KRISSY LYNN,260
2025-07-21,Graycee Baybee,261
2025-07-21,Stella Cox,262
2025-07-21,April Olsen,263
2025-07-21,Laura Bentley,264
2025-07-21,Dharma Jones,265
2025-07-21,Kitty Lovedream,266
2025-07-21,Remy LaCroix,267
2025-07-21,Sophia Burns,268
2025-07-21,Julia Morozzi,269
2025-07-21,Isabella D,270
2025-07-21,Renee Rose,271
2025-07-21,Freya von Doom,272
2025-07-21,Anika Now,273
2025-07-21,Violet Joly,274
2025-07-21,Anna Claire Clouds,275
2025-07-21,Lucky Bee,276
2025-07-21,Hazel Moore,277
2025-07-21,Valeria Borghese,278
2025-07-21,Chrissy,279
2025-07-21,Lulu Love,280
2025-07-21,SAHARA SKYE,281
2025-07-21,Alika Alba,282
2025-07-21,Nina Nix,283
2025-07-21,Claudia Bavel,284
2025-07-21,Rayveness,285
2025-07-21,Blue Wave,286
2025-07-21,Stella Bliss,287
2025-07-21,Christy Love,288
2025-07-21,RAVEN LANE,289
2025-07-21,Keira Love,290
2025-07-21,Mina Kali,291
2025-07-21,Serina Gomez,292
2025-07-21,Eliza Ibarra,293
2025-07-21,Aurelly Rebel,294
2025-07-21,Cherry X,295
2025-07-21,Elsa Violet,296
2025-07-21,KittyKristen,297
2025-07-21,PE,298
2025-07-21,Juju la bretonne,299
2025-07-21,Penny Flame,300
2025-07-21,Maddy Nelson,301
2025-07-21,HD,302
2025-07-21,PARADISEHILL.cc CHAT 18+,303
2025-07-21,Rebel Rhyder,304
2025-07-21,Stacy Bloom,305
2025-07-21,Sammyyy Stonerrr,306
2025-07-21,Ava Austen,307
2025-07-21,morgpie,308
2025-07-21,Mira Wair,309
2025-07-21,Public,310
2025-07-21,TUSHY,311
2025-07-21,Georgia Jones,312
2025-07-21,Jillian Janson,313
2025-07-21,Lily Love,314
2025-07-21,Anna De Ville,315
2025-07-21,Mya Lorenn,316
2025-07-21,Merida Sat,317
2025-07-21,Chloe Temple,318
2025-07-21,Lindsay Lee,319
2025-07-21,Nika A,320
2025-07-21,Catherine Knight,321
2025-07-21,Valkiria Lapiedra,322
2025-07-21,Juilie Robbie,323
2025-07-21,Kallie Taylor,324
2025-07-21,Renata Foxx,325
2025-07-21,Madison Moores,326
2025-07-21,Riley Jacobs,327
2025-07-21,cristina plaza aa,328
2025-07-21,Cindy Shine,329
2025-07-21,Eva Cela,330
2025-07-21,Alana Cruise,331
2025-07-21,Lauren Phillips,332
